"","Parameter","Covariate","Mean","SD","HPD.lower","HPD.upper"
"1","pi[1]","No Fraud",0.9456104323,0.0428355445696466,0.856026,0.999419
"2","pi[2]","Incremental Fraud",0.0400722470741771,0.040668297684815,2.29445e-07,0.126924
"3","pi[3]","Extreme Fraud",0.0143173205947489,0.0141044344120536,2.71147e-07,0.0425567
"4","beta.tau","(Intercept)",1.23037051635,0.246434949717797,0.753944,1.72038
"5","beta.nu","(Intercept)",-0.49580845573,0.0400997485920514,-0.575896,-0.419223
"6","beta.iota.m","(Intercept)",-0.498201696679551,1.15096969403124,-2.51195,1.67493
"7","beta.iota.s","(Intercept)",-0.614320301360859,0.944100319329022,-2.0684,1.32313
"8","beta.chi.m","(Intercept)",0.316541034627574,1.10269077149899,-1.65413,2.38716
"9","beta.chi.s","(Intercept)",-0.0591587901967052,0.71320787629094,-1.18021,1.42636
