"","Parameter","Covariate","Mean","SD","HPD.lower","HPD.upper"
"1","pi[1]","No Fraud",0.91314731136,0.131745793312517,0.521025,0.999543
"2","pi[2]","Incremental Fraud",0.070790665904514,0.126726154932691,6.39151e-08,0.449279
"3","pi[3]","Extreme Fraud",0.0160620231515941,0.015696689538306,3.92356e-08,0.0475364
"4","beta.tau","(Intercept)",1.15605893035,0.234633737218001,0.692506,1.61534
"5","beta.nu","(Intercept)",0.0334043727261902,0.100345182706267,-0.252903,0.161536
"6","beta.iota.m","(Intercept)",0.244710423897328,1.14199553204982,-1.8948,2.38235
"7","beta.iota.s","(Intercept)",-0.654215725131335,0.94054835843489,-2.12728,1.09674
"8","beta.chi.m","(Intercept)",0.209489399852286,0.824881237331036,-1.19419,1.91801
"9","beta.chi.s","(Intercept)",-0.331342206334554,1.30863702847355,-3.12736,2.23037
