"","Parameter","Covariate","Mean","SD","HPD.lower","HPD.upper"
"1","pi[1]","No Fraud",0.968381669,0.021804960310435,0.925605,0.999197
"2","pi[2]","Incremental Fraud",0.015399994235314,0.0148866827214246,5.1225e-07,0.0456511
"3","pi[3]","Extreme Fraud",0.0162183326365841,0.015715213711647,1.17662e-07,0.0475771
"4","beta.tau","(Intercept)",1.4618310664,0.266004236352855,0.942912,1.98084
"5","beta.nu","(Intercept)",-0.47450779215,0.0224934497079958,-0.519424,-0.430981
"6","beta.iota.m","(Intercept)",0.17073046934265,0.649674347039391,-0.849393,1.18435
"7","beta.iota.s","(Intercept)",0.098709293067745,0.497960998055064,-0.833384,1.02169
"8","beta.chi.m","(Intercept)",-0.197406087564395,0.998685126504943,-2.48745,1.32017
"9","beta.chi.s","(Intercept)",-0.31266675446496,0.581058465482032,-1.32693,0.730996
