"","Parameter","Covariate","Mean","SD","HPD.lower","HPD.upper"
"1","pi[1]","No Fraud",0.82891730853,0.0591376275253987,0.712014,0.937818
"2","pi[2]","Incremental Fraud",0.151281059873,0.0570004385015655,0.0476777,0.264193
"3","pi[3]","Extreme Fraud",0.0198016325825033,0.0196930742570269,2.00688e-07,0.0587688
"4","beta.tau","(Intercept)",1.37677701839,0.282125183528302,0.818132,1.92568
"5","beta.nu","(Intercept)",-0.0528500132740568,0.0370497857675282,-0.124372,0.0204558
"6","beta.iota.m","(Intercept)",1.67914894761862,1.07955522451252,-0.585277,3.43363
"7","beta.iota.s","(Intercept)",-0.435926183321127,0.241551829826632,-0.834482,0.110579
"8","beta.chi.m","(Intercept)",0.337655262044514,0.92949962064089,-1.33927,2.28134
"9","beta.chi.s","(Intercept)",0.116938165984827,0.743092598613667,-1.43449,1.42526
