"","Parameter","Covariate","Mean","SD","HPD.lower","HPD.upper"
"1","pi[1]","No Fraud",0.86165788353,0.0677206206619878,0.731437,0.978765
"2","pi[2]","Incremental Fraud",0.118496266308662,0.0659054295137316,0.0068809,0.24273
"3","pi[3]","Extreme Fraud",0.0198458509183243,0.0194038750800005,9.73217e-08,0.0588913
"4","beta.tau","(Intercept)",1.402499486706,0.280487045974098,0.871277,1.96932
"5","beta.nu","(Intercept)",-0.170037634016333,0.0530001072010939,-0.271879,-0.0655291
"6","beta.iota.m","(Intercept)",1.14053192664346,1.66736026760805,-2.42314,3.3292
"7","beta.iota.s","(Intercept)",-0.794023921487074,0.389315761128186,-1.53997,0.051722
"8","beta.chi.m","(Intercept)",0.102515291640494,0.990654342188551,-1.73999,2.08999
"9","beta.chi.s","(Intercept)",-0.191714935381556,0.778892975680042,-1.75647,1.1925
