"","Parameter","Covariate","Mean","SD","HPD.lower","HPD.upper"
"1","pi[1]","No Fraud",0.95386764572,0.0322806784885108,0.890705,0.999017
"2","pi[2]","Incremental Fraud",0.0264143152410553,0.0259733584145718,6.70521e-09,0.0787671
"3","pi[3]","Extreme Fraud",0.0197180409456373,0.0194163296429603,1.1529e-06,0.0584002
"4","beta.tau","(Intercept)",1.220234977293,0.270161107817384,0.68392,1.74433
"5","beta.nu","(Intercept)",-0.41113081019,0.0269297464109055,-0.46419,-0.358629
"6","beta.iota.m","(Intercept)",-0.16755016994181,0.688164214738953,-1.807,1.10677
"7","beta.iota.s","(Intercept)",-0.200711076176909,0.8531224331899,-1.70819,1.25195
"8","beta.chi.m","(Intercept)",0.170261184783553,1.01640902240547,-1.82893,2.13724
"9","beta.chi.s","(Intercept)",0.214335063865232,0.791798486633234,-1.4833,1.5845
