"","Parameter","Covariate","Mean","SD","HPD.lower","HPD.upper"
"1","pi[1]","No Fraud",0.9476289111,0.033853633512087,0.882055,0.998428
"2","pi[2]","Incremental Fraud",0.0318449756578889,0.0275092579579242,4.86329e-07,0.0860305
"3","pi[3]","Extreme Fraud",0.0205261135228404,0.0203715771582276,4.71164e-08,0.0611533
"4","beta.tau","(Intercept)",1.181487542043,0.273676281062322,0.632866,1.70838
"5","beta.nu","(Intercept)",-0.091526040631891,0.0299589026280971,-0.151332,-0.0334951
"6","beta.iota.m","(Intercept)",0.251233397207686,1.32885268963385,-3.14984,2.18188
"7","beta.iota.s","(Intercept)",-0.624415651548145,0.409576752456064,-1.52372,0.0603249
"8","beta.chi.m","(Intercept)",-0.0570128994901395,0.89002246103645,-1.64332,1.99786
"9","beta.chi.s","(Intercept)",-0.0344484398753808,0.914852907890723,-1.69976,1.70999
