"","Parameter","Covariate","Mean","SD","HPD.lower","HPD.upper"
"1","pi[1]","No Fraud",0.8673291004,0.0495960555900751,0.771699,0.959533
"2","pi[2]","Incremental Fraud",0.1166762241655,0.047325444911968,0.0296396,0.207332
"3","pi[3]","Extreme Fraud",0.0159946789511696,0.0160243524454669,9.98561e-07,0.0471453
"4","beta.tau","(Intercept)",1.52527262125,0.284880758586665,0.969532,2.08047
"5","beta.nu","(Intercept)",-0.12087171172975,0.0367666950108603,-0.192424,-0.0506769
"6","beta.iota.m","(Intercept)",0.655158476003965,0.988729013371236,-0.70759,2.68527
"7","beta.iota.s","(Intercept)",-0.622108777295,0.329610405164963,-1.41262,-0.230471
"8","beta.chi.m","(Intercept)",0.345773917420715,0.53387608929529,-0.897786,1.28492
"9","beta.chi.s","(Intercept)",-0.16808222507303,0.704447601894294,-1.48058,0.840207
