"","Parameter","Covariate","Mean","SD","HPD.lower","HPD.upper"
"1","pi[1]","No Fraud",0.79780374403,0.0877658540505812,0.65194,0.985457
"2","pi[2]","Incremental Fraud",0.184230047475016,0.0868912211305712,0.000430805,0.323577
"3","pi[3]","Extreme Fraud",0.0179662075006401,0.0174355410292105,1.1675e-07,0.0528513
"4","beta.tau","(Intercept)",2.0825270717,0.309607721357544,1.46741,2.6841
"5","beta.nu","(Intercept)",0.108988176715146,0.0705418712868067,-0.0233587,0.253246
"6","beta.iota.m","(Intercept)",1.76651184734608,1.0458560397587,-0.411633,3.57522
"7","beta.iota.s","(Intercept)",-0.224522658313205,0.309146251569838,-0.775324,0.503794
"8","beta.chi.m","(Intercept)",-0.066131505083533,1.26797330471778,-2.22635,2.40609
"9","beta.chi.s","(Intercept)",-0.504972572036759,1.0569873573612,-3.03901,1.38645
