"","Parameter","Covariate","Mean","SD","HPD.lower","HPD.upper"
"1","pi[1]","No Fraud",0.95632390368,0.0322789637593699,0.893271,0.999045
"2","pi[2]","Incremental Fraud",0.027110163605571,0.0282097596915744,2.31347e-07,0.0832694
"3","pi[3]","Extreme Fraud",0.0165659329245681,0.0162200748018426,1.14138e-06,0.0489626
"4","beta.tau","(Intercept)",2.0543473771,0.292420906017638,1.47487,2.62044
"5","beta.nu","(Intercept)",0.10962240143278,0.0291319461961,0.0515425,0.166173
"6","beta.iota.m","(Intercept)",0.583947290208527,0.935039398898235,-1.24248,2.11598
"7","beta.iota.s","(Intercept)",-0.652474625491305,0.868336368301796,-2.34041,0.660005
"8","beta.chi.m","(Intercept)",-0.017795146976378,0.757505163777714,-1.40951,1.75129
"9","beta.chi.s","(Intercept)",-0.498242350451565,1.00682887105593,-2.44221,1.3303
