"","Parameter","Covariate","Mean","SD","HPD.lower","HPD.upper"
"1","pi[1]","No Fraud",0.81846898035,0.0636719335826108,0.702619,0.952402
"2","pi[2]","Incremental Fraud",0.1664263465383,0.0626290912731799,0.0357172,0.280854
"3","pi[3]","Extreme Fraud",0.0151046750613106,0.014922669180005,2.66887e-08,0.0447531
"4","beta.tau","(Intercept)",1.59448914384,0.273413478627588,1.06497,2.13967
"5","beta.nu","(Intercept)",-0.018112168595235,0.036906631026318,-0.0876283,0.0580424
"6","beta.iota.m","(Intercept)",2.00667888301402,0.874390298409656,-0.161696,3.36718
"7","beta.iota.s","(Intercept)",-0.619071056357246,0.197228130319201,-1.04334,-0.223483
"8","beta.chi.m","(Intercept)",0.150464763919431,0.749403536738706,-1.40692,1.40221
"9","beta.chi.s","(Intercept)",-0.159710762329767,0.983934864497489,-1.98447,1.99167
