"","Parameter","Covariate","Mean","SD","HPD.lower","HPD.upper"
"1","pi[1]","No Fraud",0.97152507509,0.0202337907856785,0.931529,0.999233
"2","pi[2]","Incremental Fraud",0.0160557423743242,0.0162496267737999,9.93911e-08,0.0485693
"3","pi[3]","Extreme Fraud",0.0124191823402158,0.0122545885566085,2.54603e-08,0.0369852
"4","beta.tau","(Intercept)",1.6630972407,0.259932636385437,1.14974,2.16769
"5","beta.nu","(Intercept)",-0.46620509369,0.0239251539270513,-0.51284,-0.418822
"6","beta.iota.m","(Intercept)",0.112093359150991,0.931369633434326,-1.36685,1.98743
"7","beta.iota.s","(Intercept)",-0.246891830534737,1.10150640835215,-2.26501,1.877
"8","beta.chi.m","(Intercept)",0.42696235279333,0.9496393316571,-1.31075,2.31594
"9","beta.chi.s","(Intercept)",-0.39725406099022,0.998493172507153,-2.23743,1.44957
