"","Parameter","Covariate","Mean","SD","HPD.lower","HPD.upper"
"1","pi[1]","No Fraud",0.95881619859,0.028625468859237,0.90282,0.999081
"2","pi[2]","Incremental Fraud",0.0213864297372702,0.0211890544188777,1.66164e-07,0.063541
"3","pi[3]","Extreme Fraud",0.0197973718544129,0.0196089585132604,8.94676e-08,0.05898
"4","beta.tau","(Intercept)",1.45427463658,0.279488602890138,0.91706,2.01306
"5","beta.nu","(Intercept)",-0.265868017054,0.0388340072453905,-0.342554,-0.1893
"6","beta.iota.m","(Intercept)",0.0245539196922165,0.73391363280923,-1.18863,1.32815
"7","beta.iota.s","(Intercept)",-0.0487584081746069,0.810265154233257,-1.72749,1.38958
"8","beta.chi.m","(Intercept)",0.472774387466441,0.706459055812925,-0.860057,1.88432
"9","beta.chi.s","(Intercept)",-0.002119991220033,0.947179951168902,-1.90385,1.92449
