"","Parameter","Covariate","Mean","SD","HPD.lower","HPD.upper"
"1","pi[1]","No Fraud",0.88116354225,0.108209262550162,0.648944,0.99902
"2","pi[2]","Incremental Fraud",0.0984078618155349,0.10689243436835,1.66822e-07,0.330086
"3","pi[3]","Extreme Fraud",0.0204285958054945,0.0199424459559147,4.50576e-07,0.0604946
"4","beta.tau","(Intercept)",1.78848556487,0.312817811221408,1.17815,2.40659
"5","beta.nu","(Intercept)",0.0749612516557644,0.0890389789683903,-0.111307,0.241396
"6","beta.iota.m","(Intercept)",-0.330812418434379,1.00684628553757,-2.85624,1.23931
"7","beta.iota.s","(Intercept)",-0.527769787870492,1.05827890678368,-2.11522,2.09407
"8","beta.chi.m","(Intercept)",0.087004856015031,0.917431742014247,-1.42782,1.9738
"9","beta.chi.s","(Intercept)",0.012865667889844,0.88609791699483,-1.8605,1.43894
