"","Parameter","Covariate","Mean","SD","HPD.lower","HPD.upper"
"1","pi[1]","No Fraud",0.96406178162,0.0247777607832412,0.915859,0.999066
"2","pi[2]","Incremental Fraud",0.0198702793475795,0.019256098096194,6.42164e-08,0.0584688
"3","pi[3]","Extreme Fraud",0.0160679402842215,0.0157907357725332,2.59823e-08,0.0477587
"4","beta.tau","(Intercept)",1.37626424773,0.257733080152738,0.875346,1.88406
"5","beta.nu","(Intercept)",-0.221314061573,0.027329291753777,-0.274489,-0.167036
"6","beta.iota.m","(Intercept)",-0.264848664348802,0.872912554130195,-1.65558,1.19503
"7","beta.iota.s","(Intercept)",0.052147701112074,0.788916945051571,-1.23289,1.34416
"8","beta.chi.m","(Intercept)",0.455440512618312,0.908058252116152,-1.50503,2.00301
"9","beta.chi.s","(Intercept)",-0.220518332601487,1.23742966498713,-2.68324,2.11045
