"","Parameter","Covariate","Mean","SD","HPD.lower","HPD.upper"
"1","pi[1]","No Fraud",0.84177652821,0.0617737496829414,0.728172,0.973927
"2","pi[2]","Incremental Fraud",0.142880482672211,0.0604289773976489,0.00759399,0.246529
"3","pi[3]","Extreme Fraud",0.0153429892912108,0.0151216137663527,1.09411e-07,0.0457611
"4","beta.tau","(Intercept)",1.48189454751,0.263957390477378,0.954128,1.98965
"5","beta.nu","(Intercept)",-0.0952740413959651,0.0443137733361806,-0.181451,-0.00679712
"6","beta.iota.m","(Intercept)",1.35115634522938,1.21387794854942,-1.44601,3.63917
"7","beta.iota.s","(Intercept)",-0.770503377994,0.269559219607121,-1.36183,-0.230732
"8","beta.chi.m","(Intercept)",0.289921339759881,0.842218244847397,-1.44007,2.04235
"9","beta.chi.s","(Intercept)",-0.122107584667901,0.764917354072588,-1.3074,1.45662
