"","Parameter","Covariate","Mean","SD","HPD.lower","HPD.upper"
"1","pi[1]","No Fraud",0.80123443767,0.10172765661915,0.589618,0.959517
"2","pi[2]","Incremental Fraud",0.181031570616,0.100833498459389,0.0234607,0.385709
"3","pi[3]","Extreme Fraud",0.0177339943515177,0.0174532300272804,2.88749e-07,0.0529801
"4","beta.tau","(Intercept)",1.48743084655,0.283352804686015,0.929222,2.03486
"5","beta.nu","(Intercept)",-0.0142679797863506,0.0962986222850505,-0.225187,0.163188
"6","beta.iota.m","(Intercept)",-0.181083667213768,0.57089594577213,-1.34011,0.777682
"7","beta.iota.s","(Intercept)",-0.903059955040059,0.854358557752604,-2.48667,0.491434
"8","beta.chi.m","(Intercept)",-0.00997316156155701,0.754053383694691,-1.48381,1.34457
"9","beta.chi.s","(Intercept)",0.378033865759461,0.687135660951056,-0.819837,1.97268
