"","Parameter","Covariate","Mean","SD","HPD.lower","HPD.upper"
"1","pi[1]","No Fraud",0.86126978825,0.0541931309836311,0.762465,0.966634
"2","pi[2]","Incremental Fraud",0.1224213885785,0.0525578037669775,0.0252928,0.22154
"3","pi[3]","Extreme Fraud",0.0163088214039564,0.0159525366775398,4.01893e-06,0.0483471
"4","beta.tau","(Intercept)",1.250568879625,0.264822897034875,0.738008,1.77426
"5","beta.nu","(Intercept)",0.09853906602895,0.032049910568698,0.0374535,0.163134
"6","beta.iota.m","(Intercept)",0.81132120854465,0.706524676772013,-0.261882,1.9383
"7","beta.iota.s","(Intercept)",-0.63194474980905,0.226965316868588,-1.18596,-0.233663
"8","beta.chi.m","(Intercept)",0.40164149822425,0.812350352431716,-1.2432,1.57863
"9","beta.chi.s","(Intercept)",-0.04591905394168,0.559005963022175,-0.967833,1.16001
