"","Parameter","Covariate","Mean","SD","HPD.lower","HPD.upper"
"1","pi[1]","No Fraud",0.8958170302,0.0411065874746661,0.815361,0.968738
"2","pi[2]","Incremental Fraud",0.0897226147855,0.0390339682347386,0.0215515,0.166211
"3","pi[3]","Extreme Fraud",0.014460355367809,0.0139897049505309,3.55279e-06,0.0423508
"4","beta.tau","(Intercept)",1.54898758875,0.25213464630008,1.06174,2.04958
"5","beta.nu","(Intercept)",-0.120789981994095,0.0390954084622816,-0.196278,-0.0431216
"6","beta.iota.m","(Intercept)",0.7066923300161,0.868584177426675,-0.931452,2.03139
"7","beta.iota.s","(Intercept)",-0.46823947099785,0.299279366759093,-1.02692,0.0896621
"8","beta.chi.m","(Intercept)",-0.175598669111074,0.948950400415805,-2.14829,1.47559
"9","beta.chi.s","(Intercept)",0.05408371424408,0.83593951435373,-1.87422,1.22023
