"","Parameter","Covariate","Mean","SD","HPD.lower","HPD.upper"
"1","pi[1]","No Fraud",0.9514157555,0.0307115775113373,0.891816,0.998534
"2","pi[2]","Incremental Fraud",0.0327441627532629,0.0270139619435345,1.63948e-07,0.0862457
"3","pi[3]","Extreme Fraud",0.0158400812504375,0.0152615326331189,2.3414e-07,0.0462939
"4","beta.tau","(Intercept)",1.17988681129,0.25780646790366,0.683516,1.69676
"5","beta.nu","(Intercept)",-0.3354725502,0.0217596346486811,-0.378784,-0.294222
"6","beta.iota.m","(Intercept)",0.15882899142385,0.826019263461938,-0.944332,1.58363
"7","beta.iota.s","(Intercept)",-0.759119799604805,0.514004862929017,-1.51477,0.308728
"8","beta.chi.m","(Intercept)",-0.189699377341365,0.7988407496246,-1.52615,1.07049
"9","beta.chi.s","(Intercept)",-0.108276575356477,0.659362155501518,-1.20259,1.07381
