"","Parameter","Covariate","Mean","SD","HPD.lower","HPD.upper"
"1","pi[1]","No Fraud",0.9688417119,0.0218687616560293,0.926525,0.99942
"2","pi[2]","Incremental Fraud",0.0163910874306048,0.0162818946262476,5.60383e-08,0.0488024
"3","pi[3]","Extreme Fraud",0.0147671980999182,0.0148165134125089,9.37141e-07,0.0440035
"4","beta.tau","(Intercept)",1.31432099365,0.239619432310619,0.842508,1.78093
"5","beta.nu","(Intercept)",0.048002016232664,0.0228153046575814,0.00311119,0.0929569
"6","beta.iota.m","(Intercept)",0.14644065733088,0.586971146249364,-0.821481,1.42426
"7","beta.iota.s","(Intercept)",-0.637267036053985,0.767124667373011,-2.00103,0.934798
"8","beta.chi.m","(Intercept)",-0.08962896040281,1.0584486257033,-1.97316,2.03829
"9","beta.chi.s","(Intercept)",0.24916459358665,0.946813019186899,-1.15743,2.12403
