"","Parameter","Covariate","Mean","SD","HPD.lower","HPD.upper"
"1","pi[1]","No Fraud",0.95432304325,0.0316022980198986,0.892808,0.998666
"2","pi[2]","Incremental Fraud",0.0273523498356215,0.0263483252554021,1.59822e-06,0.0803352
"3","pi[3]","Extreme Fraud",0.0183246074375101,0.017889671283991,1.77193e-09,0.0539574
"4","beta.tau","(Intercept)",1.2863318632,0.285820577113956,0.727471,1.85441
"5","beta.nu","(Intercept)",0.7180424135,0.0495288454216465,0.620666,0.814494
"6","beta.iota.m","(Intercept)",0.54714720316225,0.750671184304083,-0.525339,1.90237
"7","beta.iota.s","(Intercept)",-0.2283760315331,0.984401455020916,-1.97767,1.37809
"8","beta.chi.m","(Intercept)",-0.32901056247302,1.00349390126117,-2.09626,1.6964
"9","beta.chi.s","(Intercept)",0.02209726440265,0.865037140188748,-1.42555,1.62131
