"","Parameter","Covariate","Mean","SD","HPD.lower","HPD.upper"
"1","pi[1]","No Fraud",0.94073097388,0.033549195395556,0.878129,0.997588
"2","pi[2]","Incremental Fraud",0.0460115302991932,0.0311286148044338,3.37774e-07,0.103805
"3","pi[3]","Extreme Fraud",0.0132574974536042,0.0129571418729809,4.67016e-08,0.0390939
"4","beta.tau","(Intercept)",1.75439172485,0.285852778400947,1.19466,2.31359
"5","beta.nu","(Intercept)",-0.0823951321451437,0.0588617529264192,-0.19742,0.0334806
"6","beta.iota.m","(Intercept)",-0.200318384890536,0.855646538107325,-1.93258,1.21453
"7","beta.iota.s","(Intercept)",-0.362636512239926,0.855055331162581,-2.17948,0.959314
"8","beta.chi.m","(Intercept)",0.133516831019634,1.00504944018377,-1.86862,1.885
"9","beta.chi.s","(Intercept)",0.058134896498213,0.942711082593298,-1.75471,1.98782
