"","Parameter","Covariate","Mean","SD","HPD.lower","HPD.upper"
"1","pi[1]","No Fraud",0.9573594865,0.0283100763501561,0.901666,0.998164
"2","pi[2]","Incremental Fraud",0.026267088821202,0.0236526803586841,1.36209e-06,0.0733123
"3","pi[3]","Extreme Fraud",0.0163734250718355,0.0159488108528917,5.64722e-07,0.048542
"4","beta.tau","(Intercept)",1.21262391205,0.241306508093924,0.757819,1.69802
"5","beta.nu","(Intercept)",-0.33290628845,0.0429069591973636,-0.419716,-0.250598
"6","beta.iota.m","(Intercept)",0.344414273334563,0.58954497295305,-0.68882,1.45192
"7","beta.iota.s","(Intercept)",-0.59217715998083,0.463242374157292,-1.41077,0.260296
"8","beta.chi.m","(Intercept)",-0.323598102456915,0.829791628486669,-1.48172,1.87264
"9","beta.chi.s","(Intercept)",-0.195095106085465,0.695376633794715,-1.7644,1.13387
