"","Parameter","Covariate","Mean","SD","HPD.lower","HPD.upper"
"1","pi[1]","No Fraud",0.8606713653,0.0743412171945977,0.715264,0.983691
"2","pi[2]","Incremental Fraud",0.1216353595395,0.0732745925394062,0.00617847,0.263942
"3","pi[3]","Extreme Fraud",0.017693273800222,0.0173421011854417,1.67432e-06,0.0524822
"4","beta.tau","(Intercept)",1.4420545964,0.254767687341503,0.954505,1.95743
"5","beta.nu","(Intercept)",-0.0432298556874925,0.0487349960161419,-0.139072,0.0524984
"6","beta.iota.m","(Intercept)",-0.41805276761993,0.846268727760269,-2.24577,1.002
"7","beta.iota.s","(Intercept)",-0.62580807681755,0.556092234584894,-1.61751,0.388359
"8","beta.chi.m","(Intercept)",-0.493724434343665,1.00959237264807,-2.46431,1.28657
"9","beta.chi.s","(Intercept)",-0.467217150602315,1.04438965453588,-2.38189,1.43204
