"","Parameter","Covariate","Mean","SD","HPD.lower","HPD.upper"
"1","pi[1]","No Fraud",0.8936017075,0.0457375573752412,0.804395,0.980126
"2","pi[2]","Incremental Fraud",0.090137931219,0.0433860456485505,0.00481428,0.168892
"3","pi[3]","Extreme Fraud",0.0162603586725333,0.0158615803606935,4.40379e-07,0.0483184
"4","beta.tau","(Intercept)",1.40995163185,0.240848204923137,0.918001,1.86385
"5","beta.nu","(Intercept)",-0.114507194423695,0.0507192033217966,-0.216754,-0.0183949
"6","beta.iota.m","(Intercept)",-0.0538108260713,0.607196659725428,-1.28515,1.23821
"7","beta.iota.s","(Intercept)",-0.82723324656685,0.442789073350353,-1.72511,0.00881072
"8","beta.chi.m","(Intercept)",-0.21495650843723,0.592552701946724,-1.21495,1.08163
"9","beta.chi.s","(Intercept)",-0.67923988017695,0.869750354379303,-2.41705,0.828194
