"","Parameter","Covariate","Mean","SD","HPD.lower","HPD.upper"
"1","pi[1]","No Fraud",0.96247118255,0.0298733385107708,0.901862,0.999489
"2","pi[2]","Incremental Fraud",0.024391001602726,0.0271217947810827,9.24823e-08,0.0807373
"3","pi[3]","Extreme Fraud",0.0131378162498023,0.012748278945432,3.13771e-07,0.0385793
"4","beta.tau","(Intercept)",1.53923844086,0.261774152158569,1.02366,2.04786
"5","beta.nu","(Intercept)",-0.31977543995,0.029111338491233,-0.377284,-0.263211
"6","beta.iota.m","(Intercept)",0.517946254024788,0.977652241459336,-1.48409,2.31037
"7","beta.iota.s","(Intercept)",-0.0441780359334955,0.821408254650676,-1.74161,1.31193
"8","beta.chi.m","(Intercept)",0.319923565072261,1.07997483945071,-1.50434,2.52068
"9","beta.chi.s","(Intercept)",0.253888026616264,1.13201512518195,-1.87177,2.13809
