"","Parameter","Covariate","Mean","SD","HPD.lower","HPD.upper"
"1","pi[1]","No Fraud",0.9593853374,0.0277525154714147,0.904722,0.999066
"2","pi[2]","Incremental Fraud",0.0232823795644624,0.022142536464454,3.32434e-06,0.0682017
"3","pi[3]","Extreme Fraud",0.0173322868910155,0.0169754517178952,1.10542e-07,0.0518077
"4","beta.tau","(Intercept)",1.22271783935,0.227262598469425,0.773382,1.66305
"5","beta.nu","(Intercept)",0.019728082447339,0.0426143750845103,-0.0638189,0.102782
"6","beta.iota.m","(Intercept)",0.10023675145735,0.628642379718906,-1.16253,1.11166
"7","beta.iota.s","(Intercept)",-0.40845690126621,0.477307494698911,-1.25949,0.376114
"8","beta.chi.m","(Intercept)",-0.077357169064145,0.76037241268536,-1.32013,1.92006
"9","beta.chi.s","(Intercept)",0.31043685491355,0.585094861133782,-0.885254,1.3224
