"","Parameter","Covariate","Mean","SD","HPD.lower","HPD.upper"
"1","pi[1]","No Fraud",0.951256018,0.0300942505881539,0.892116,0.997091
"2","pi[2]","Incremental Fraud",0.031330425488275,0.0249141236798847,2.06745e-06,0.0793786
"3","pi[3]","Extreme Fraud",0.0174135536553546,0.017014252203245,1.90346e-07,0.0519413
"4","beta.tau","(Intercept)",1.21921043065,0.228155445620254,0.758995,1.65608
"5","beta.nu","(Intercept)",0.0148591801489805,0.0428399195642985,-0.0691167,0.0997689
"6","beta.iota.m","(Intercept)",-0.07732245008815,0.836587736587037,-1.59278,1.0527
"7","beta.iota.s","(Intercept)",-0.510579137095645,0.511507231043765,-1.34705,0.616864
"8","beta.chi.m","(Intercept)",-0.238451479013643,0.738929007208125,-1.83875,0.824412
"9","beta.chi.s","(Intercept)",-0.12166301861573,0.662572397422092,-1.1327,1.22634
