"","Parameter","Covariate","Mean","SD","HPD.lower","HPD.upper"
"1","pi[1]","No Fraud",0.8955763878,0.0476012413120912,0.801662,0.980791
"2","pi[2]","Incremental Fraud",0.08715262447555,0.0454698795262536,0.00842632,0.177327
"3","pi[3]","Extreme Fraud",0.0172709860692295,0.0170895233174041,2.03545e-07,0.0510253
"4","beta.tau","(Intercept)",1.44017144315,0.251711011705587,0.949708,1.93786
"5","beta.nu","(Intercept)",-0.0328699264263089,0.0468346900538099,-0.125264,0.0594142
"6","beta.iota.m","(Intercept)",0.06246381539587,0.601606125851467,-0.735976,1.34897
"7","beta.iota.s","(Intercept)",-0.28523195408626,0.304814049903724,-0.78096,0.286907
"8","beta.chi.m","(Intercept)",-0.10270795821639,1.03891446413359,-1.8763,1.55911
"9","beta.chi.s","(Intercept)",0.1699589511235,0.61841904550375,-0.711823,1.6964
